content,time,ip
看起来挺有趣的，希望越来越好～,Thu May 28 12:17:17 2020,127.0.0.1
一个神奇的网站,Thu May 28 12:18:19 2020,127.0.0.1
一起参与评论吧～,Thu May 28 14:11:39 2020,127.0.0.1
看起来挺好玩儿的,Thu May 28 14:12:55 2020,127.0.0.1
希望多上一点有趣的功能,Thu May 28 14:15:26 2020,127.0.0.1
网页加载的有点慢,Thu May 28 14:17:14 2020,127.0.0.1
前面的小人挺可爱的,Thu May 28 14:21:23 2020,127.0.0.1
AI优化工作，也优化生活。,Thu May 28 14:24:09 2020,127.0.0.1
这是什么东东,Thu May 28 14:25:22 2020,127.0.0.1
设计生成里那个生成海报背景的挺神奇的,Thu May 28 14:26:45 2020,127.0.0.1
让AI帮我干活吧,Thu May 28 14:27:26 2020,127.0.0.1
为啥风格迁移的图不能下载呢,Thu May 28 14:27:46 2020,127.0.0.1
加油加油,Thu May 28 14:27:58 2020,127.0.0.1
挺好，继续加油。,Thu May 28 14:29:03 2020,127.0.0.1
下载素材挺方便的,Thu May 28 14:29:19 2020,127.0.0.1
到此一游～,Thu May 28 14:29:42 2020,127.0.0.1
我就试试评论,Thu May 28 15:35:15 2020,127.0.0.1
可以做视频么,Thu May 28 15:37:42 2020,127.0.0.1
有机会一起合作啊,Thu May 28 15:43:48 2020,127.0.0.1
大家畅所欲言吧～～,Thu May 28 15:48:24 2020,127.0.0.1
这个做了多久啊,Thu May 28 15:48:55 2020,127.0.0.1
希望多多上一些好玩的功能啊,Thu May 28 15:49:43 2020,127.0.0.1
小绘是啥意思？,Thu May 28 15:50:48 2020,127.0.0.1
可以把我转换成奥特曼么？,Thu May 28 15:51:19 2020,127.0.0.1
有机会去交流交流。,Thu May 28 15:52:08 2020,127.0.0.1
这些素材可以商用么？,Thu May 28 16:15:31 2020,127.0.0.1
说点啥呢,Thu May 28 16:17:52 2020,127.0.0.1
生成的原理是什么啊,Thu May 28 16:18:52 2020,127.0.0.1
看看以后怎么发展吧。,Thu May 28 16:21:05 2020,127.0.0.1
API好像还不能用,Thu May 28 16:22:27 2020,127.0.0.1
手机上看不了么？,Thu May 28 16:26:45 2020,127.0.0.1
我来迟了@-@,Thu May 28 16:27:51 2020,127.0.0.1
我想要一键生成老板需求,Thu May 28 16:29:03 2020,127.0.0.1
加载有点点慢,Thu May 28 16:32:12 2020,127.0.0.1
想下载风格转换的图怎么弄？,Thu May 28 16:35:38 2020,127.0.0.1
能定制的话就好了。,Thu May 28 16:37:12 2020,127.0.0.1
走过路过不要错过,Thu May 28 16:39:12 2020,127.0.0.1
试一下,Thu May 28 19:24:50 2020,127.0.0.1
测试一下啊,Fri May 29 15:42:46 2020,127.0.0.1
试一下这个功能,Mon Jun 22 20:18:24 2020,127.0.0.1
哈哈哈,Tue Jun 23 17:14:42 2020,127.0.0.1
<<<<<<< Updated upstream
<<<<<<< Updated upstream
hello,Tue Sep 15 02:44:45 2020,127.0.0.1
123,Wed Sep 16 19:32:11 2020,127.0.0.1
walala,Wed Sep 16 19:37:44 2020,127.0.0.1
123,Fri Sep 18 10:48:36 2020,111.199.189.249
123,Fri Sep 18 10:54:46 2020,111.199.189.249
=======
what,Mon Oct 26 18:11:01 2020,127.0.0.1
>>>>>>> Stashed changes
=======
what,Mon Oct 26 18:11:01 2020,127.0.0.1
>>>>>>> Stashed changes
